{
  "hash": "eaa1a251",
  "configHash": "fc4d135f",
  "lockfileHash": "64462faf",
  "browserHash": "74102ee6",
  "optimized": {
    "@angular/common": {
      "src": "../../../../../../node_modules/@angular/common/fesm2022/common.mjs",
      "file": "@angular_common.js",
      "fileHash": "067923eb",
      "needsInterop": false
    },
    "@angular/common/http": {
      "src": "../../../../../../node_modules/@angular/common/fesm2022/http.mjs",
      "file": "@angular_common_http.js",
      "fileHash": "116fc896",
      "needsInterop": false
    },
    "@angular/core": {
      "src": "../../../../../../node_modules/@angular/core/fesm2022/core.mjs",
      "file": "@angular_core.js",
      "fileHash": "bd0bda91",
      "needsInterop": false
    },
    "@angular/forms": {
      "src": "../../../../../../node_modules/@angular/forms/fesm2022/forms.mjs",
      "file": "@angular_forms.js",
      "fileHash": "0bc19630",
      "needsInterop": false
    },
    "@angular/platform-browser": {
      "src": "../../../../../../node_modules/@angular/platform-browser/fesm2022/platform-browser.mjs",
      "file": "@angular_platform-browser.js",
      "fileHash": "c404d3ae",
      "needsInterop": false
    },
    "@angular/router": {
      "src": "../../../../../../node_modules/@angular/router/fesm2022/router.mjs",
      "file": "@angular_router.js",
      "fileHash": "39d8aeca",
      "needsInterop": false
    },
    "rxjs/operators": {
      "src": "../../../../../../node_modules/rxjs/dist/esm5/operators/index.js",
      "file": "rxjs_operators.js",
      "fileHash": "50aa156e",
      "needsInterop": false
    },
    "zone.js": {
      "src": "../../../../../../node_modules/zone.js/fesm2015/zone.js",
      "file": "zone__js.js",
      "fileHash": "875086c0",
      "needsInterop": true
    },
    "@angular/animations": {
      "src": "../../../../../../node_modules/@angular/animations/fesm2022/animations.mjs",
      "file": "@angular_animations.js",
      "fileHash": "36b8ef6d",
      "needsInterop": false
    }
  },
  "chunks": {
    "chunk-FTIU2Y4D": {
      "file": "chunk-FTIU2Y4D.js"
    },
    "chunk-HXKREQKV": {
      "file": "chunk-HXKREQKV.js"
    },
    "chunk-FIWZMCIB": {
      "file": "chunk-FIWZMCIB.js"
    },
    "chunk-636JCMZ5": {
      "file": "chunk-636JCMZ5.js"
    },
    "chunk-X4MPWEEF": {
      "file": "chunk-X4MPWEEF.js"
    },
    "chunk-AQQWFOFB": {
      "file": "chunk-AQQWFOFB.js"
    },
    "chunk-WDMUDEB6": {
      "file": "chunk-WDMUDEB6.js"
    }
  }
}